URL,Status Code,Error Type,Error Message,Stack Trace Line
http://127.0.0.1:8000/assets/assignments,500,Unknown Error,"Attempt to read property ""name"" on null",
http://127.0.0.1:8000/password-accounts,200,Unknown Error,Warning: Viewing password will be logged in audit trail,
http://127.0.0.1:8000/lang/ar,200,Unknown Error,No specific error message found,
http://127.0.0.1:8000/assets/assets,200,Unknown Error,No specific error message found,
http://127.0.0.1:8000/assets/logs,500,Unknown Error,No specific error message found,
http://127.0.0.1:8000/assets/categories/1,200,Unknown Error,No specific error message found,
http://127.0.0.1:8000/assets/categories/2,200,Unknown Error,No specific error message found,
http://127.0.0.1:8000/assets/categories/3,200,Unknown Error,No specific error message found,
http://127.0.0.1:8000/contact-categories/create,200,Unknown Error,No specific error message found,
http://127.0.0.1:8000/users/38/edit,403,Unknown Error,No specific error message found,
http://127.0.0.1:8000/users/41/edit,403,Unknown Error,No specific error message found,
http://127.0.0.1:8000/users/44,200,Unknown Error,No specific error message found,
http://127.0.0.1:8000/users/43/edit,403,Unknown Error,No specific error message found,
http://127.0.0.1:8000/users/34/edit,403,Unknown Error,No specific error message found,
http://127.0.0.1:8000/users/45/contact-card,200,Unknown Error,No specific error message found,
http://127.0.0.1:8000/users/39/edit,403,Unknown Error,No specific error message found,
http://127.0.0.1:8000/users/131,200,Unknown Error,No specific error message found,
http://127.0.0.1:8000/users/40/edit,403,Unknown Error,No specific error message found,
http://127.0.0.1:8000/users/46/contact-card,200,Unknown Error,No specific error message found,
http://127.0.0.1:8000/users/45,200,Unknown Error,No specific error message found,
http://127.0.0.1:8000/users/41,200,Unknown Error,No specific error message found,
http://127.0.0.1:8000/users/44/contact-card,200,Unknown Error,No specific error message found,
http://127.0.0.1:8000/users/46/edit,403,Unknown Error,No specific error message found,
http://127.0.0.1:8000/users/37,200,Unknown Error,No specific error message found,
http://127.0.0.1:8000/users/37/contact-card,200,Unknown Error,No specific error message found,
http://127.0.0.1:8000/users/39/contact-card,200,Unknown Error,No specific error message found,
http://127.0.0.1:8000/users/batch-edit,500,Unknown Error,No specific error message found,
http://127.0.0.1:8000/users/47,200,Unknown Error,No specific error message found,
http://127.0.0.1:8000/users/48/contact-card,200,Unknown Error,No specific error message found,
http://127.0.0.1:8000/batch/create,200,Unknown Error,No specific error message found,
http://127.0.0.1:8000/users/35,200,Unknown Error,No specific error message found,
http://127.0.0.1:8000/users/41/contact-card,200,Unknown Error,No specific error message found,
http://127.0.0.1:8000/users/43,200,Unknown Error,No specific error message found,
http://127.0.0.1:8000/users?page=2,200,Unknown Error,No specific error message found,
http://127.0.0.1:8000/users-archived,200,Unknown Error,No specific error message found,
http://127.0.0.1:8000/users?locale=ar,200,Unknown Error,No specific error message found,
http://127.0.0.1:8000/users/48,200,Unknown Error,No specific error message found,
http://127.0.0.1:8000/users/36,200,Unknown Error,No specific error message found,
http://127.0.0.1:8000/users/47/contact-card,200,Unknown Error,No specific error message found,
http://127.0.0.1:8000/users/38,200,Unknown Error,No specific error message found,
http://127.0.0.1:8000/contacts/export,500,Unknown Error,No specific error message found,
http://127.0.0.1:8000/assets/locations/1/edit,500,Unknown Error,No specific error message found,
http://127.0.0.1:8000/assets/locations/1,500,Unknown Error,No specific error message found,
http://127.0.0.1:8000/assets/assets/1,200,Unknown Error,No specific error message found,
http://127.0.0.1:8000/assets/assets/create?category_id=3,200,Unknown Error,No specific error message found,
http://127.0.0.1:8000/users/45/edit-contact-card,200,Unknown Error,No specific error message found,
http://127.0.0.1:8000/users/132/contact-card,200,Unknown Error,No specific error message found,
http://127.0.0.1:8000/users/46/edit-contact-card,200,Unknown Error,No specific error message found,
http://127.0.0.1:8000/users/44/edit-contact-card,200,Unknown Error,No specific error message found,
http://127.0.0.1:8000/users/37/edit-contact-card,200,Unknown Error,No specific error message found,
http://127.0.0.1:8000/users/39/edit-contact-card,200,Unknown Error,No specific error message found,
http://127.0.0.1:8000/users/48/edit-contact-card,200,Unknown Error,No specific error message found,
http://127.0.0.1:8000/users?page=2&locale=ar,200,Unknown Error,No specific error message found,
http://127.0.0.1:8000/users?page=1,200,Unknown Error,No specific error message found,
http://127.0.0.1:8000/users/42/edit,403,Unknown Error,No specific error message found,
http://127.0.0.1:8000/users/42/contact-card,200,Unknown Error,No specific error message found,
http://127.0.0.1:8000/users?locale=ar&page=2,200,Unknown Error,No specific error message found,
http://127.0.0.1:8000/users/47/edit-contact-card,200,Unknown Error,No specific error message found,
http://127.0.0.1:8000/users/34/edit-contact-card,200,Unknown Error,No specific error message found,
http://127.0.0.1:8000/users/121,200,Unknown Error,No specific error message found,
http://127.0.0.1:8000/departments/15/organizational-chart,200,Unknown Error,No specific error message found,
http://127.0.0.1:8000/users/120,200,Unknown Error,No specific error message found,
http://127.0.0.1:8000/users/133,200,Unknown Error,No specific error message found,
http://127.0.0.1:8000/users/119,200,Unknown Error,No specific error message found,
http://127.0.0.1:8000/users/63,200,Unknown Error,No specific error message found,
http://127.0.0.1:8000/users/122,200,Unknown Error,No specific error message found,
http://127.0.0.1:8000/users/84,200,Unknown Error,No specific error message found,
http://127.0.0.1:8000/users/77,200,Unknown Error,No specific error message found,
http://127.0.0.1:8000/users/123,200,Unknown Error,No specific error message found,
http://127.0.0.1:8000/users/75,200,Unknown Error,No specific error message found,
http://127.0.0.1:8000/users/72,200,Unknown Error,No specific error message found,
http://127.0.0.1:8000/users/82,200,Unknown Error,No specific error message found,
http://127.0.0.1:8000/users/64,200,Unknown Error,No specific error message found,
http://127.0.0.1:8000/users/76,200,Unknown Error,No specific error message found,
http://127.0.0.1:8000/users/74,200,Unknown Error,No specific error message found,
http://127.0.0.1:8000/users/62,200,Unknown Error,No specific error message found,
http://127.0.0.1:8000/users/83,200,Unknown Error,No specific error message found,
http://127.0.0.1:8000/departments/8/organizational-chart,200,Unknown Error,No specific error message found,
http://127.0.0.1:8000/users/65,200,Unknown Error,No specific error message found,
http://127.0.0.1:8000/users/1,200,Unknown Error,No specific error message found,
http://127.0.0.1:8000/users/98,200,Unknown Error,No specific error message found,
http://127.0.0.1:8000/users/73,200,Unknown Error,No specific error message found,
http://127.0.0.1:8000/users/67,200,Unknown Error,No specific error message found,
http://127.0.0.1:8000/users/126,200,Unknown Error,No specific error message found,
http://127.0.0.1:8000/users/71,200,Unknown Error,No specific error message found,
http://127.0.0.1:8000/departments/7/organizational-chart,200,Unknown Error,No specific error message found,
http://127.0.0.1:8000/users/70,200,Unknown Error,No specific error message found,
http://127.0.0.1:8000/users/124,200,Unknown Error,No specific error message found,
http://127.0.0.1:8000/users/69,200,Unknown Error,No specific error message found,
http://127.0.0.1:8000/users/125,200,Unknown Error,No specific error message found,
http://127.0.0.1:8000/users/68,200,Unknown Error,No specific error message found,
http://127.0.0.1:8000/departments/3/organizational-chart,200,Unknown Error,No specific error message found,
http://127.0.0.1:8000/users/99,200,Unknown Error,No specific error message found,
http://127.0.0.1:8000/users/97,200,Unknown Error,No specific error message found,
http://127.0.0.1:8000/departments/13/organizational-chart,200,Unknown Error,No specific error message found,
http://127.0.0.1:8000/users/93,200,Unknown Error,No specific error message found,
http://127.0.0.1:8000/users/96,200,Unknown Error,No specific error message found,
http://127.0.0.1:8000/users/95,200,Unknown Error,No specific error message found,
http://127.0.0.1:8000/users/100,200,Unknown Error,No specific error message found,
http://127.0.0.1:8000/users/94,200,Unknown Error,No specific error message found,
http://127.0.0.1:8000/users/109,200,Unknown Error,No specific error message found,
http://127.0.0.1:8000/users/112,200,Unknown Error,No specific error message found,
http://127.0.0.1:8000/users/103,200,Unknown Error,No specific error message found,
http://127.0.0.1:8000/users/111,200,Unknown Error,No specific error message found,
http://127.0.0.1:8000/users/104,200,Unknown Error,No specific error message found,
http://127.0.0.1:8000/users/101,200,Unknown Error,No specific error message found,
http://127.0.0.1:8000/departments/12/organizational-chart,200,Unknown Error,No specific error message found,
http://127.0.0.1:8000/users/108,200,Unknown Error,No specific error message found,
http://127.0.0.1:8000/users/106,200,Unknown Error,No specific error message found,
http://127.0.0.1:8000/users/107,200,Unknown Error,No specific error message found,
http://127.0.0.1:8000/users/91,200,Unknown Error,No specific error message found,
http://127.0.0.1:8000/users/110,200,Unknown Error,No specific error message found,
http://127.0.0.1:8000/users/105,200,Unknown Error,No specific error message found,
http://127.0.0.1:8000/users/102,200,Unknown Error,No specific error message found,
http://127.0.0.1:8000/users/129,200,Unknown Error,No specific error message found,
http://127.0.0.1:8000/users/51,200,Unknown Error,No specific error message found,
http://127.0.0.1:8000/users/49,200,Unknown Error,No specific error message found,
http://127.0.0.1:8000/users/130,200,Unknown Error,No specific error message found,
http://127.0.0.1:8000/users/50,200,Unknown Error,No specific error message found,
http://127.0.0.1:8000/departments/4/organizational-chart,200,Unknown Error,No specific error message found,
http://127.0.0.1:8000/users/88,200,Unknown Error,No specific error message found,
http://127.0.0.1:8000/departments/11/organizational-chart,200,Unknown Error,No specific error message found,
http://127.0.0.1:8000/users/89,200,Unknown Error,No specific error message found,
http://127.0.0.1:8000/users/90,200,Unknown Error,No specific error message found,
http://127.0.0.1:8000/users/92,200,Unknown Error,No specific error message found,
http://127.0.0.1:8000/departments/10/organizational-chart,200,Unknown Error,No specific error message found,
http://127.0.0.1:8000/users/86,200,Unknown Error,No specific error message found,
http://127.0.0.1:8000/users/85,200,Unknown Error,No specific error message found,
http://127.0.0.1:8000/users/87,200,Unknown Error,No specific error message found,
http://127.0.0.1:8000/users/56,200,Unknown Error,No specific error message found,
http://127.0.0.1:8000/users/54,200,Unknown Error,No specific error message found,
http://127.0.0.1:8000/users/66,200,Unknown Error,No specific error message found,
http://127.0.0.1:8000/users/53,200,Unknown Error,No specific error message found,
http://127.0.0.1:8000/departments/6/organizational-chart,200,Unknown Error,No specific error message found,
http://127.0.0.1:8000/users/59,200,Unknown Error,No specific error message found,
http://127.0.0.1:8000/users/61,200,Unknown Error,No specific error message found,
http://127.0.0.1:8000/users/60,200,Unknown Error,No specific error message found,
http://127.0.0.1:8000/users/57,200,Unknown Error,No specific error message found,
http://127.0.0.1:8000/users/55,200,Unknown Error,No specific error message found,
http://127.0.0.1:8000/users/58,200,Unknown Error,No specific error message found,
http://127.0.0.1:8000/assets/assets/1/download-barcode,403,Unknown Error,No specific error message found,
http://127.0.0.1:8000/users/52/edit-contact-card,200,Unknown Error,No specific error message found,
http://127.0.0.1:8000/users/132/edit-contact-card,200,Unknown Error,No specific error message found,
http://127.0.0.1:8000/users?locale=ar&page=1,200,Unknown Error,No specific error message found,
http://127.0.0.1:8000/users?page=1&locale=ar,200,Unknown Error,No specific error message found,
http://127.0.0.1:8000/users/42/edit-contact-card,200,Unknown Error,No specific error message found,
http://127.0.0.1:8000/users/132/edit,403,Unknown Error,No specific error message found,
http://127.0.0.1:8000/users/121/contact-card,200,Unknown Error,No specific error message found,
http://127.0.0.1:8000/users/121/edit,403,Unknown Error,No specific error message found,
http://127.0.0.1:8000/users/120/edit,403,Unknown Error,No specific error message found,
http://127.0.0.1:8000/users/120/contact-card,500,Unknown Error,No specific error message found,
http://127.0.0.1:8000/users/133/edit,403,Unknown Error,No specific error message found,
http://127.0.0.1:8000/users/133/contact-card,200,Unknown Error,No specific error message found,
http://127.0.0.1:8000/users/63/contact-card,200,Unknown Error,No specific error message found,
http://127.0.0.1:8000/users/122/edit,403,Unknown Error,No specific error message found,
http://127.0.0.1:8000/users/122/contact-card,200,Unknown Error,No specific error message found,
http://127.0.0.1:8000/users/84/edit,403,Unknown Error,No specific error message found,
http://127.0.0.1:8000/users/84/contact-card,200,Unknown Error,No specific error message found,
http://127.0.0.1:8000/users/77/edit,403,Unknown Error,No specific error message found,
http://127.0.0.1:8000/users/77/contact-card,200,Unknown Error,No specific error message found,
http://127.0.0.1:8000/users/123/edit,403,Unknown Error,No specific error message found,
http://127.0.0.1:8000/users/123/contact-card,200,Unknown Error,No specific error message found,
http://127.0.0.1:8000/users/75/edit,403,Unknown Error,No specific error message found,
http://127.0.0.1:8000/users/75/contact-card,200,Unknown Error,No specific error message found,
http://127.0.0.1:8000/users/72/contact-card,200,Unknown Error,No specific error message found,
http://127.0.0.1:8000/users/72/edit,403,Unknown Error,No specific error message found,
http://127.0.0.1:8000/users/82/edit,403,Unknown Error,No specific error message found,
http://127.0.0.1:8000/users/82/contact-card,200,Unknown Error,No specific error message found,
http://127.0.0.1:8000/users/64/edit,403,Unknown Error,No specific error message found,
http://127.0.0.1:8000/users/64/contact-card,200,Unknown Error,No specific error message found,
http://127.0.0.1:8000/users/76/contact-card,200,Unknown Error,No specific error message found,
http://127.0.0.1:8000/users/76/edit,403,Unknown Error,No specific error message found,
http://127.0.0.1:8000/users/74/contact-card,200,Unknown Error,No specific error message found,
http://127.0.0.1:8000/users/74/edit,403,Unknown Error,No specific error message found,
http://127.0.0.1:8000/users/62/edit,403,Unknown Error,No specific error message found,
http://127.0.0.1:8000/users/62/contact-card,200,Unknown Error,No specific error message found,
http://127.0.0.1:8000/users/83/contact-card,200,Unknown Error,No specific error message found,
http://127.0.0.1:8000/users/83/edit,403,Unknown Error,No specific error message found,
http://127.0.0.1:8000/users/65/contact-card,200,Unknown Error,No specific error message found,
http://127.0.0.1:8000/users/65/edit,403,Unknown Error,No specific error message found,
http://127.0.0.1:8000/users/1/contact-card,200,Unknown Error,No specific error message found,
http://127.0.0.1:8000/users/1/edit,403,Unknown Error,No specific error message found,
http://127.0.0.1:8000/users/98/edit,403,Unknown Error,No specific error message found,
http://127.0.0.1:8000/users/98/contact-card,200,Unknown Error,No specific error message found,
http://127.0.0.1:8000/users/73/contact-card,200,Unknown Error,No specific error message found,
http://127.0.0.1:8000/users/73/edit,403,Unknown Error,No specific error message found,
http://127.0.0.1:8000/users/67/contact-card,200,Unknown Error,No specific error message found,
http://127.0.0.1:8000/users/67/edit,403,Unknown Error,No specific error message found,
http://127.0.0.1:8000/users/126/edit,403,Unknown Error,No specific error message found,
http://127.0.0.1:8000/users/126/contact-card,200,Unknown Error,No specific error message found,
http://127.0.0.1:8000/users/71/edit,403,Unknown Error,No specific error message found,
http://127.0.0.1:8000/users/71/contact-card,200,Unknown Error,No specific error message found,
http://127.0.0.1:8000/users/70/contact-card,200,Unknown Error,No specific error message found,
http://127.0.0.1:8000/users/70/edit,403,Unknown Error,No specific error message found,
http://127.0.0.1:8000/users/124/contact-card,200,Unknown Error,No specific error message found,
http://127.0.0.1:8000/users/124/edit,403,Unknown Error,No specific error message found,
http://127.0.0.1:8000/users/69/contact-card,200,Unknown Error,No specific error message found,
http://127.0.0.1:8000/users/69/edit,403,Unknown Error,No specific error message found,
http://127.0.0.1:8000/users/125/contact-card,200,Unknown Error,No specific error message found,
http://127.0.0.1:8000/users/125/edit,403,Unknown Error,No specific error message found,
http://127.0.0.1:8000/users/68/edit,403,Unknown Error,No specific error message found,
http://127.0.0.1:8000/users/68/contact-card,200,Unknown Error,No specific error message found,
http://127.0.0.1:8000/users/99/contact-card,200,Unknown Error,No specific error message found,
http://127.0.0.1:8000/users/99/edit,403,Unknown Error,No specific error message found,
http://127.0.0.1:8000/users/97/contact-card,200,Unknown Error,No specific error message found,
http://127.0.0.1:8000/users/97/edit,403,Unknown Error,No specific error message found,
http://127.0.0.1:8000/users/96/edit,403,Unknown Error,No specific error message found,
http://127.0.0.1:8000/users/96/contact-card,200,Unknown Error,No specific error message found,
http://127.0.0.1:8000/users/95/contact-card,200,Unknown Error,No specific error message found,
http://127.0.0.1:8000/users/95/edit,403,Unknown Error,No specific error message found,
http://127.0.0.1:8000/users/100/edit,403,Unknown Error,No specific error message found,
http://127.0.0.1:8000/users/100/contact-card,200,Unknown Error,No specific error message found,
http://127.0.0.1:8000/users/94/edit,403,Unknown Error,No specific error message found,
http://127.0.0.1:8000/users/94/contact-card,200,Unknown Error,No specific error message found,
http://127.0.0.1:8000/users/109/edit,403,Unknown Error,No specific error message found,
http://127.0.0.1:8000/users/109/contact-card,200,Unknown Error,No specific error message found,
http://127.0.0.1:8000/users/112/edit,403,Unknown Error,No specific error message found,
http://127.0.0.1:8000/users/112/contact-card,200,Unknown Error,No specific error message found,
http://127.0.0.1:8000/users/103/edit,403,Unknown Error,No specific error message found,
http://127.0.0.1:8000/users/103/contact-card,200,Unknown Error,No specific error message found,
http://127.0.0.1:8000/users/111/contact-card,200,Unknown Error,No specific error message found,
http://127.0.0.1:8000/users/111/edit,403,Unknown Error,No specific error message found,
http://127.0.0.1:8000/users/104/edit,403,Unknown Error,No specific error message found,
http://127.0.0.1:8000/users/104/contact-card,200,Unknown Error,No specific error message found,
http://127.0.0.1:8000/users/101/contact-card,200,Unknown Error,No specific error message found,
http://127.0.0.1:8000/users/101/edit,403,Unknown Error,No specific error message found,
http://127.0.0.1:8000/users/108/edit,403,Unknown Error,No specific error message found,
http://127.0.0.1:8000/users/108/contact-card,200,Unknown Error,No specific error message found,
http://127.0.0.1:8000/users/106/contact-card,200,Unknown Error,No specific error message found,
http://127.0.0.1:8000/users/106/edit,403,Unknown Error,No specific error message found,
http://127.0.0.1:8000/users/107/edit,403,Unknown Error,No specific error message found,
http://127.0.0.1:8000/users/107/contact-card,200,Unknown Error,No specific error message found,
http://127.0.0.1:8000/users/91/contact-card,200,Unknown Error,No specific error message found,
http://127.0.0.1:8000/users/91/edit,403,Unknown Error,No specific error message found,
http://127.0.0.1:8000/users/110/edit,403,Unknown Error,No specific error message found,
http://127.0.0.1:8000/users/110/contact-card,200,Unknown Error,No specific error message found,
http://127.0.0.1:8000/users/105/contact-card,200,Unknown Error,No specific error message found,
http://127.0.0.1:8000/users/105/edit,403,Unknown Error,No specific error message found,
http://127.0.0.1:8000/users/102/edit,403,Unknown Error,No specific error message found,
http://127.0.0.1:8000/users/102/contact-card,200,Unknown Error,No specific error message found,
http://127.0.0.1:8000/users/129/contact-card,200,Unknown Error,No specific error message found,
http://127.0.0.1:8000/users/129/edit,403,Unknown Error,No specific error message found,
http://127.0.0.1:8000/users/51/edit,403,Unknown Error,No specific error message found,
http://127.0.0.1:8000/users/51/contact-card,200,Unknown Error,No specific error message found,
http://127.0.0.1:8000/users/49/edit,403,Unknown Error,No specific error message found,
http://127.0.0.1:8000/users/49/contact-card,200,Unknown Error,No specific error message found,
http://127.0.0.1:8000/users/130/edit,403,Unknown Error,No specific error message found,
http://127.0.0.1:8000/users/130/contact-card,200,Unknown Error,No specific error message found,
http://127.0.0.1:8000/users/50/contact-card,200,Unknown Error,No specific error message found,
http://127.0.0.1:8000/users/50/edit,403,Unknown Error,No specific error message found,
http://127.0.0.1:8000/users/88/edit,403,Unknown Error,No specific error message found,
http://127.0.0.1:8000/users/88/contact-card,200,Unknown Error,No specific error message found,
http://127.0.0.1:8000/users/89/contact-card,200,Unknown Error,No specific error message found,
http://127.0.0.1:8000/users/89/edit,403,Unknown Error,No specific error message found,
http://127.0.0.1:8000/users/90/contact-card,200,Unknown Error,No specific error message found,
http://127.0.0.1:8000/users/90/edit,403,Unknown Error,No specific error message found,
http://127.0.0.1:8000/users/92/edit,403,Unknown Error,No specific error message found,
http://127.0.0.1:8000/users/92/contact-card,200,Unknown Error,No specific error message found,
http://127.0.0.1:8000/users/86/edit,403,Unknown Error,No specific error message found,
http://127.0.0.1:8000/users/86/contact-card,200,Unknown Error,No specific error message found,
http://127.0.0.1:8000/users/85/edit,403,Unknown Error,No specific error message found,
http://127.0.0.1:8000/users/85/contact-card,200,Unknown Error,No specific error message found,
http://127.0.0.1:8000/users/87/edit,403,Unknown Error,No specific error message found,
http://127.0.0.1:8000/users/87/contact-card,200,Unknown Error,No specific error message found,
http://127.0.0.1:8000/users/56/contact-card,200,Unknown Error,No specific error message found,
http://127.0.0.1:8000/users/56/edit,403,Unknown Error,No specific error message found,
http://127.0.0.1:8000/users/54/edit,403,Unknown Error,No specific error message found,
http://127.0.0.1:8000/users/54/contact-card,200,Unknown Error,No specific error message found,
http://127.0.0.1:8000/users/66/contact-card,200,Unknown Error,No specific error message found,
http://127.0.0.1:8000/users/66/edit,403,Unknown Error,No specific error message found,
http://127.0.0.1:8000/users/53/edit,403,Unknown Error,No specific error message found,
http://127.0.0.1:8000/users/53/contact-card,200,Unknown Error,No specific error message found,
http://127.0.0.1:8000/users/59/contact-card,200,Unknown Error,No specific error message found,
http://127.0.0.1:8000/users/59/edit,403,Unknown Error,No specific error message found,
http://127.0.0.1:8000/users/61/contact-card,200,Unknown Error,No specific error message found,
http://127.0.0.1:8000/users/61/edit,403,Unknown Error,No specific error message found,
http://127.0.0.1:8000/users/60/edit,403,Unknown Error,No specific error message found,
http://127.0.0.1:8000/users/60/contact-card,200,Unknown Error,No specific error message found,
http://127.0.0.1:8000/users/57/contact-card,200,Unknown Error,No specific error message found,
http://127.0.0.1:8000/users/57/edit,403,Unknown Error,No specific error message found,
http://127.0.0.1:8000/users/55/edit,403,Unknown Error,No specific error message found,
http://127.0.0.1:8000/users/55/contact-card,200,Unknown Error,No specific error message found,
http://127.0.0.1:8000/users/58/edit,403,Unknown Error,No specific error message found,
http://127.0.0.1:8000/users/58/contact-card,200,Unknown Error,No specific error message found,
http://127.0.0.1:8000/users/52,200,Unknown Error,No specific error message found,
http://127.0.0.1:8000/users/121/edit-contact-card,200,Unknown Error,No specific error message found,
http://127.0.0.1:8000/users/133/edit-contact-card,200,Unknown Error,No specific error message found,
http://127.0.0.1:8000/users/119/edit-contact-card,200,Unknown Error,No specific error message found,
http://127.0.0.1:8000/users/63/edit-contact-card,200,Unknown Error,No specific error message found,
http://127.0.0.1:8000/users/122/edit-contact-card,200,Unknown Error,No specific error message found,
http://127.0.0.1:8000/users/84/edit-contact-card,200,Unknown Error,No specific error message found,
http://127.0.0.1:8000/users/77/edit-contact-card,200,Unknown Error,No specific error message found,
http://127.0.0.1:8000/users/123/edit-contact-card,200,Unknown Error,No specific error message found,
http://127.0.0.1:8000/users/75/edit-contact-card,200,Unknown Error,No specific error message found,
http://127.0.0.1:8000/users/72/edit-contact-card,200,Unknown Error,No specific error message found,
http://127.0.0.1:8000/users/82/edit-contact-card,200,Unknown Error,No specific error message found,
http://127.0.0.1:8000/users/64/edit-contact-card,200,Unknown Error,No specific error message found,
http://127.0.0.1:8000/users/76/edit-contact-card,200,Unknown Error,No specific error message found,
http://127.0.0.1:8000/users/74/edit-contact-card,200,Unknown Error,No specific error message found,
http://127.0.0.1:8000/users/62/edit-contact-card,200,Unknown Error,No specific error message found,
http://127.0.0.1:8000/users/83/edit-contact-card,200,Unknown Error,No specific error message found,
http://127.0.0.1:8000/users/65/edit-contact-card,200,Unknown Error,No specific error message found,
http://127.0.0.1:8000/users/1/edit-contact-card,200,Unknown Error,No specific error message found,
http://127.0.0.1:8000/users/98/edit-contact-card,200,Unknown Error,No specific error message found,
http://127.0.0.1:8000/users/73/edit-contact-card,200,Unknown Error,No specific error message found,
http://127.0.0.1:8000/users/67/edit-contact-card,200,Unknown Error,No specific error message found,
http://127.0.0.1:8000/users/126/edit-contact-card,200,Unknown Error,No specific error message found,
http://127.0.0.1:8000/users/71/edit-contact-card,200,Unknown Error,No specific error message found,
http://127.0.0.1:8000/users/70/edit-contact-card,200,Unknown Error,No specific error message found,
http://127.0.0.1:8000/users/124/edit-contact-card,200,Unknown Error,No specific error message found,
http://127.0.0.1:8000/users/69/edit-contact-card,200,Unknown Error,No specific error message found,
http://127.0.0.1:8000/users/125/edit-contact-card,200,Unknown Error,No specific error message found,
http://127.0.0.1:8000/users/68/edit-contact-card,200,Unknown Error,No specific error message found,
http://127.0.0.1:8000/users/99/edit-contact-card,200,Unknown Error,No specific error message found,
http://127.0.0.1:8000/users/97/edit-contact-card,200,Unknown Error,No specific error message found,
http://127.0.0.1:8000/users/96/edit-contact-card,200,Unknown Error,No specific error message found,
http://127.0.0.1:8000/users/95/edit-contact-card,200,Unknown Error,No specific error message found,
http://127.0.0.1:8000/users/100/edit-contact-card,200,Unknown Error,No specific error message found,
http://127.0.0.1:8000/users/94/edit-contact-card,200,Unknown Error,No specific error message found,
http://127.0.0.1:8000/users/109/edit-contact-card,200,Unknown Error,No specific error message found,
http://127.0.0.1:8000/users/112/edit-contact-card,200,Unknown Error,No specific error message found,
http://127.0.0.1:8000/users/103/edit-contact-card,200,Unknown Error,No specific error message found,
http://127.0.0.1:8000/users/111/edit-contact-card,200,Unknown Error,No specific error message found,
http://127.0.0.1:8000/users/104/edit-contact-card,200,Unknown Error,No specific error message found,
http://127.0.0.1:8000/users/101/edit-contact-card,200,Unknown Error,No specific error message found,
http://127.0.0.1:8000/users/108/edit-contact-card,200,Unknown Error,No specific error message found,
http://127.0.0.1:8000/users/106/edit-contact-card,200,Unknown Error,No specific error message found,
http://127.0.0.1:8000/users/107/edit-contact-card,200,Unknown Error,No specific error message found,
http://127.0.0.1:8000/users/91/edit-contact-card,200,Unknown Error,No specific error message found,
http://127.0.0.1:8000/users/110/edit-contact-card,200,Unknown Error,No specific error message found,
http://127.0.0.1:8000/users/105/edit-contact-card,200,Unknown Error,No specific error message found,
http://127.0.0.1:8000/users/102/edit-contact-card,200,Unknown Error,No specific error message found,
http://127.0.0.1:8000/users/129/edit-contact-card,200,Unknown Error,No specific error message found,
http://127.0.0.1:8000/users/51/edit-contact-card,200,Unknown Error,No specific error message found,
http://127.0.0.1:8000/users/49/edit-contact-card,200,Unknown Error,No specific error message found,
http://127.0.0.1:8000/users/130/edit-contact-card,200,Unknown Error,No specific error message found,
http://127.0.0.1:8000/users/50/edit-contact-card,200,Unknown Error,No specific error message found,
http://127.0.0.1:8000/users/88/edit-contact-card,200,Unknown Error,No specific error message found,
http://127.0.0.1:8000/users/89/edit-contact-card,200,Unknown Error,No specific error message found,
http://127.0.0.1:8000/users/90/edit-contact-card,200,Unknown Error,No specific error message found,
http://127.0.0.1:8000/users/92/edit-contact-card,200,Unknown Error,No specific error message found,
http://127.0.0.1:8000/users/86/edit-contact-card,200,Unknown Error,No specific error message found,
http://127.0.0.1:8000/users/85/edit-contact-card,200,Unknown Error,No specific error message found,
http://127.0.0.1:8000/users/87/edit-contact-card,200,Unknown Error,No specific error message found,
http://127.0.0.1:8000/users/56/edit-contact-card,200,Unknown Error,No specific error message found,
http://127.0.0.1:8000/users/54/edit-contact-card,200,Unknown Error,No specific error message found,
http://127.0.0.1:8000/users/66/edit-contact-card,200,Unknown Error,No specific error message found,
http://127.0.0.1:8000/users/53/edit-contact-card,200,Unknown Error,No specific error message found,
http://127.0.0.1:8000/users/59/edit-contact-card,200,Unknown Error,No specific error message found,
http://127.0.0.1:8000/users/61/edit-contact-card,200,Unknown Error,No specific error message found,
http://127.0.0.1:8000/users/60/edit-contact-card,200,Unknown Error,No specific error message found,
http://127.0.0.1:8000/users/57/edit-contact-card,200,Unknown Error,No specific error message found,
http://127.0.0.1:8000/users/55/edit-contact-card,200,Unknown Error,No specific error message found,
http://127.0.0.1:8000/users/58/edit-contact-card,200,Unknown Error,No specific error message found,
